{"cameraMode":{"drawMode":0,"name":"Shaded","section":"Shading Mode"},"sceneLighting":true,"audioPlay":false,"sceneViewState":{"showFog":true,"showMaterialUpdate":true,"showSkybox":true,"showFlares":true,"showImageEffects":true,"showParticleSystems":true},"in2DMode":false,"pivot":{"x":-44.81909942626953,"y":-318.6438293457031,"z":-802.750732421875},"rotation":{"x":-0.004082170780748129,"y":0.9816380739212036,"z":-0.18873530626296998,"w":-0.027369294315576555},"size":875.66015625,"orthographic":false}