{"cameraMode":{"drawMode":0,"name":"Shaded","section":"Shading Mode"},"sceneLighting":true,"audioPlay":false,"sceneViewState":{"showFog":true,"showMaterialUpdate":true,"showSkybox":true,"showFlares":true,"showImageEffects":true,"showParticleSystems":true},"in2DMode":false,"pivot":{"x":-2.9366886615753176,"y":-2.670870065689087,"z":2.2704918384552},"rotation":{"x":-0.2505156397819519,"y":0.41994088888168337,"z":-0.12316609919071198,"w":-0.8635518550872803},"size":6.0452351570129398,"orthographic":false}