{"cameraMode":{"drawMode":0,"name":"Shaded","section":"Shading Mode"},"sceneLighting":true,"audioPlay":false,"sceneViewState":{"showFog":true,"showMaterialUpdate":true,"showSkybox":true,"showFlares":true,"showImageEffects":true,"showParticleSystems":true},"in2DMode":false,"pivot":{"x":-2.456127405166626,"y":-2.8074519634246828,"z":2.675711154937744},"rotation":{"x":-0.26957258582115176,"y":0.3645869493484497,"z":-0.11246830970048905,"w":-0.8841707706451416},"size":8.564169883728028,"orthographic":false}