{"cameraMode":{"drawMode":0,"name":"Shaded","section":"Shading Mode"},"sceneLighting":true,"audioPlay":false,"sceneViewState":{"showFog":true,"showMaterialUpdate":true,"showSkybox":true,"showFlares":true,"showImageEffects":true,"showParticleSystems":true},"in2DMode":false,"pivot":{"x":0.18730521202087403,"y":0.39103448390960696,"z":1.5264739990234376},"rotation":{"x":-0.19458384811878205,"y":-0.03409767150878906,"z":0.005586449522525072,"w":-0.9802771806716919},"size":18.036827087402345,"orthographic":false}