{"cameraMode":{"drawMode":0,"name":"Shaded","section":"Shading Mode"},"sceneLighting":true,"audioPlay":false,"sceneViewState":{"showFog":true,"showMaterialUpdate":true,"showSkybox":true,"showFlares":true,"showImageEffects":true,"showParticleSystems":true},"in2DMode":false,"pivot":{"x":-3.3623690605163576,"y":1.8531279563903809,"z":2.1165337562561037},"rotation":{"x":-0.03364847972989082,"y":-0.9658617377281189,"z":0.16561751067638398,"w":-0.19651108980178834},"size":7.780294418334961,"orthographic":false}