{"cameraMode":{"drawMode":0,"name":"Shaded","section":"Shading Mode"},"sceneLighting":true,"audioPlay":false,"sceneViewState":{"showFog":true,"showMaterialUpdate":false,"showSkybox":true,"showFlares":true,"showImageEffects":true,"showParticleSystems":true},"in2DMode":false,"pivot":{"x":617.4637451171875,"y":373.8703918457031,"z":-323.3020935058594},"rotation":{"x":0.029995694756507875,"y":0.000610805582255125,"z":-0.00004420281038619578,"w":0.9995600581169128},"size":658.7539672851563,"orthographic":false}