{"cameraMode":{"drawMode":0,"name":"Shaded","section":"Shading Mode"},"sceneLighting":true,"audioPlay":false,"sceneViewState":{"showFog":true,"showMaterialUpdate":false,"showSkybox":true,"showFlares":true,"showImageEffects":true,"showParticleSystems":true},"in2DMode":false,"pivot":{"x":6.545210361480713,"y":1.5776875019073487,"z":14.172118186950684},"rotation":{"x":-0.21666406095027924,"y":-0.004970336798578501,"z":0.0011053553316742182,"w":-0.9762329459190369},"size":1.798752784729004,"orthographic":false}