{"cameraMode":{"drawMode":0,"name":"Shaded","section":"Shading Mode"},"sceneLighting":true,"audioPlay":false,"sceneViewState":{"showFog":true,"showMaterialUpdate":false,"showSkybox":true,"showFlares":true,"showImageEffects":true,"showParticleSystems":true},"in2DMode":false,"pivot":{"x":9.102144241333008,"y":2.01680326461792,"z":-33.01774597167969},"rotation":{"x":-0.06524490565061569,"y":0.8168593645095825,"z":-0.09427034109830857,"w":-0.5653291940689087},"size":6.329276084899902,"orthographic":false}