{"cameraMode":{"drawMode":0,"name":"Shaded","section":"Shading Mode"},"sceneLighting":false,"audioPlay":false,"sceneViewState":{"showFog":true,"showMaterialUpdate":false,"showSkybox":true,"showFlares":true,"showImageEffects":true,"showParticleSystems":true},"in2DMode":false,"pivot":{"x":-0.000001430511474609375,"y":2.3455629348754885,"z":0.8716814517974854},"rotation":{"x":-0.06524490565061569,"y":0.8168593645095825,"z":-0.09427034109830857,"w":-0.5653291940689087},"size":22.05124855041504,"orthographic":false}