{"cameraMode":{"drawMode":0,"name":"Shaded","section":"Shading Mode"},"sceneLighting":true,"audioPlay":false,"sceneViewState":{"showFog":true,"showMaterialUpdate":false,"showSkybox":true,"showFlares":true,"showImageEffects":true,"showParticleSystems":true},"in2DMode":false,"pivot":{"x":-26.07820701599121,"y":-3.163789749145508,"z":-9.34462833404541},"rotation":{"x":-0.06524490565061569,"y":0.8168593645095825,"z":-0.09427034109830857,"w":-0.5653291940689087},"size":49.69391632080078,"orthographic":false}